Type,Severity,start_time,end_time
Snow,Light,2022-01-01 03:20:36,2022-01-01 06:20:36
Snow,Light,2022-01-01 09:20:36,2022-01-02 02:54:36
Snow,Light,2022-01-02 05:20:36,2022-01-02 20:20:36
Rain,Light,2022-01-07 07:20:36,2022-01-07 11:20:36
Rain,Moderate,2022-01-07 11:20:36,2022-01-07 12:20:36
Rain,Light,2022-01-07 12:20:36,2022-01-07 13:20:36
Rain,Light,2022-01-07 13:57:36,2022-01-07 15:20:36
Rain,Light,2022-01-08 10:20:36,2022-01-08 11:20:36
Snow,Light,2022-01-08 22:20:36,2022-01-09 01:20:36
Snow,Light,2022-01-09 05:17:36,2022-01-09 12:20:36
Snow,Light,2022-01-10 12:20:36,2022-01-10 13:20:36
Snow,Light,2022-01-12 07:34:36,2022-01-12 13:16:36
Fog,Severe,2022-01-12 13:16:36,2022-01-12 15:20:36
Snow,Light,2022-01-12 15:20:36,2022-01-13 05:20:36
Snow,Light,2022-01-14 09:20:36,2022-01-14 10:20:36
Fog,Moderate,2022-01-14 19:20:36,2022-01-14 20:20:36
Snow,Light,2022-01-14 22:36:36,2022-01-14 23:20:36
Rain,Light,2022-01-14 23:20:36,2022-01-15 00:41:36
Rain,Light,2022-01-15 01:20:36,2022-01-15 03:03:36
Rain,Light,2022-01-15 17:20:36,2022-01-16 02:20:36
Snow,Light,2022-01-17 19:20:36,2022-01-17 19:33:36
Snow,Light,2022-01-18 19:20:36,2022-01-19 12:20:36
Snow,Light,2022-01-19 16:20:36,2022-01-20 04:20:36
Snow,Light,2022-01-20 19:20:36,2022-01-20 20:09:36
Snow,Light,2022-01-20 23:20:36,2022-01-21 04:20:36
Snow,Light,2022-01-21 07:20:36,2022-01-21 10:20:36
Rain,Light,2022-01-22 08:39:36,2022-01-22 10:39:36
Rain,Light,2022-01-22 12:20:36,2022-01-22 15:50:36
Snow,Light,2022-01-22 15:50:36,2022-01-22 20:17:36
Rain,Light,2022-01-22 20:17:36,2022-01-23 08:29:36
Snow,Light,2022-01-23 08:29:36,2022-01-23 14:20:36
Fog,Moderate,2022-01-24 09:20:36,2022-01-24 10:01:36
Fog,Moderate,2022-01-24 10:20:36,2022-01-24 10:57:36
Snow,Light,2022-01-24 11:20:36,2022-01-24 12:20:36
Snow,Light,2022-01-24 13:34:36,2022-01-24 19:15:36
Snow,Light,2022-01-25 14:06:36,2022-01-25 21:20:36
Snow,Light,2022-01-26 15:20:36,2022-01-27 00:20:36
Snow,Light,2022-01-27 22:20:36,2022-01-28 03:20:36
Snow,Moderate,2022-01-28 03:20:36,2022-01-28 04:47:36
Fog,Severe,2022-01-28 04:47:36,2022-01-28 05:37:36
Snow,Light,2022-01-28 05:37:36,2022-01-28 06:20:36
Snow,Moderate,2022-01-28 06:20:36,2022-01-28 06:39:36
Snow,Light,2022-01-28 06:39:36,2022-01-28 06:56:36
Fog,Severe,2022-01-28 06:56:36,2022-01-28 07:44:36
Snow,Light,2022-01-28 07:44:36,2022-01-28 08:20:36
Snow,Moderate,2022-01-28 08:20:36,2022-01-28 09:20:36
Rain,Light,2022-01-28 09:20:36,2022-01-28 10:20:36
Rain,Light,2022-01-28 14:54:36,2022-01-28 16:18:36
Snow,Light,2022-01-28 16:18:36,2022-01-28 21:20:36
Snow,Light,2022-01-29 02:52:36,2022-01-29 06:20:36
Snow,Light,2022-01-29 10:00:36,2022-01-29 12:00:36
Snow,Light,2022-01-29 12:56:36,2022-01-29 17:20:36
Cold,Severe,2022-01-30 00:49:36,2022-01-31 10:20:36
Snow,Light,2022-01-31 16:20:36,2022-02-01 07:20:36
Rain,Light,2022-02-02 21:20:36,2022-02-03 01:20:36
Rain,Light,2022-02-04 08:20:36,2022-02-04 09:20:36
Rain,Light,2022-02-04 12:20:36,2022-02-04 14:20:36
Rain,Light,2022-02-05 16:58:36,2022-02-05 17:39:36
Rain,Light,2022-02-05 18:40:36,2022-02-05 18:50:36
Rain,Light,2022-02-05 19:02:36,2022-02-05 20:50:36
Rain,Moderate,2022-02-05 20:50:36,2022-02-05 21:39:36
Rain,Light,2022-02-05 22:02:36,2022-02-05 23:20:36
Fog,Severe,2022-02-06 02:47:36,2022-02-06 05:50:36
Rain,Light,2022-02-06 18:50:36,2022-02-06 19:53:36
Rain,Light,2022-02-06 21:30:36,2022-02-06 23:20:36
Rain,Light,2022-02-07 00:20:36,2022-02-07 01:20:36
Rain,Light,2022-02-07 03:20:36,2022-02-07 04:20:36
Rain,Moderate,2022-02-07 04:20:36,2022-02-07 04:44:36
Rain,Light,2022-02-07 04:44:36,2022-02-07 07:50:36
Fog,Severe,2022-02-07 09:20:36,2022-02-07 12:01:36
Rain,Light,2022-02-07 12:01:36,2022-02-07 13:42:36
Rain,Light,2022-02-07 14:20:36,2022-02-07 16:20:36
Snow,Light,2022-02-07 19:20:36,2022-02-08 06:20:36
Snow,Light,2022-02-09 08:20:36,2022-02-09 09:20:36
Snow,Light,2022-02-10 12:47:36,2022-02-10 23:20:36
Rain,Light,2022-02-11 16:30:36,2022-02-12 04:34:36
Snow,Light,2022-02-12 04:34:36,2022-02-12 05:02:36
Rain,Light,2022-02-12 05:02:36,2022-02-12 06:09:36
Rain,Light,2022-02-12 08:05:36,2022-02-12 10:11:36
Snow,Light,2022-02-12 12:02:36,2022-02-13 04:20:36
Snow,Light,2022-02-13 05:20:36,2022-02-13 06:20:36
Snow,Light,2022-02-13 09:20:36,2022-02-13 10:20:36
Snow,Light,2022-02-15 03:20:36,2022-02-15 04:20:36
Snow,Light,2022-02-17 05:20:36,2022-02-17 12:20:36
Snow,Light,2022-02-17 14:20:36,2022-02-17 15:08:36
Rain,Light,2022-02-17 15:08:36,2022-02-17 17:11:36
Snow,Light,2022-02-17 17:11:36,2022-02-17 22:20:36
Snow,Moderate,2022-02-17 22:20:36,2022-02-17 22:50:36
Snow,Light,2022-02-17 22:50:36,2022-02-18 09:20:36
Snow,Light,2022-02-18 14:20:36,2022-02-18 15:20:36
Snow,Light,2022-02-18 16:20:36,2022-02-18 17:20:36
Snow,Light,2022-02-20 03:48:36,2022-02-20 07:18:36
Rain,Light,2022-02-20 07:18:36,2022-02-20 09:10:36
Rain,Light,2022-02-20 09:30:36,2022-02-20 10:09:36
Rain,Light,2022-02-20 11:13:36,2022-02-20 15:20:36
Rain,Light,2022-02-23 08:15:36,2022-02-23 09:06:36
Rain,Light,2022-02-23 09:11:36,2022-02-23 17:20:36
Rain,Moderate,2022-02-23 17:20:36,2022-02-23 17:36:36
Rain,Light,2022-02-23 17:36:36,2022-02-23 18:40:36
Rain,Light,2022-02-23 19:09:36,2022-02-23 20:20:36
Fog,Severe,2022-02-23 20:35:36,2022-02-23 20:56:36
Rain,Light,2022-02-23 20:56:36,2022-02-24 00:20:36
Rain,Light,2022-02-24 02:20:36,2022-02-24 05:20:36
Storm,Severe,2022-02-24 14:20:36,2022-02-24 15:20:36
Snow,Light,2022-02-26 04:57:36,2022-02-26 14:20:36
Snow,Light,2022-02-26 16:20:36,2022-02-26 17:20:36
Snow,Light,2022-02-26 22:20:36,2022-02-27 00:20:36
Snow,Light,2022-02-27 01:20:36,2022-02-27 02:20:36
Snow,Light,2022-03-01 22:20:36,2022-03-02 03:20:36
Snow,Light,2022-03-02 04:20:36,2022-03-02 05:20:36
Rain,Light,2022-03-02 05:20:36,2022-03-02 06:32:36
Snow,Light,2022-03-02 06:32:36,2022-03-02 08:20:36
Snow,Light,2022-03-04 23:20:36,2022-03-04 23:37:36
Snow,Light,2022-03-05 02:20:36,2022-03-05 07:20:36
Snow,Light,2022-03-08 02:20:36,2022-03-08 10:20:36
Rain,Light,2022-03-09 13:02:36,2022-03-09 13:56:36
Rain,Moderate,2022-03-09 13:56:36,2022-03-09 14:37:36
Rain,Light,2022-03-09 14:37:36,2022-03-09 23:20:36
Rain,Light,2022-03-13 02:20:36,2022-03-13 07:20:36
Rain,Light,2022-03-13 11:20:36,2022-03-13 12:20:36
Rain,Light,2022-03-13 21:20:36,2022-03-13 23:20:36
Rain,Moderate,2022-03-13 23:20:36,2022-03-14 00:20:36
Rain,Light,2022-03-14 09:20:36,2022-03-14 10:41:36
Rain,Moderate,2022-03-14 10:41:36,2022-03-14 12:20:36
Rain,Light,2022-03-14 13:13:36,2022-03-14 13:54:36
Rain,Light,2022-03-14 18:59:36,2022-03-14 19:20:36
Rain,Light,2022-03-14 20:20:36,2022-03-14 22:20:36
Rain,Light,2022-03-15 00:49:36,2022-03-15 01:20:36
Rain,Light,2022-03-15 01:40:36,2022-03-15 10:57:36
Rain,Light,2022-03-20 04:20:36,2022-03-20 11:20:36
Rain,Light,2022-03-20 12:20:36,2022-03-20 13:20:36
Fog,Moderate,2022-03-20 17:20:36,2022-03-20 18:08:36
Rain,Light,2022-03-20 21:20:36,2022-03-20 22:20:36
Rain,Light,2022-03-20 23:20:36,2022-03-21 06:20:36
Rain,Light,2022-03-21 07:06:36,2022-03-21 08:04:36
Rain,Light,2022-03-24 11:11:36,2022-03-24 11:51:36
Rain,Light,2022-03-24 14:20:36,2022-03-24 18:20:36
Rain,Light,2022-03-24 20:03:36,2022-03-24 22:20:36
Rain,Light,2022-03-24 23:20:36,2022-03-25 00:20:36
Rain,Light,2022-03-27 22:20:36,2022-03-28 00:20:36
Rain,Light,2022-03-28 21:20:36,2022-03-28 23:20:36
Rain,Light,2022-03-29 00:20:36,2022-03-29 01:20:36
Rain,Light,2022-03-29 19:20:36,2022-03-29 21:20:36
Rain,Moderate,2022-03-29 21:20:36,2022-03-29 22:20:36
Rain,Light,2022-03-29 22:20:36,2022-03-30 06:20:36
Snow,Light,2022-03-30 16:20:36,2022-03-30 19:20:36
Snow,Light,2022-03-31 00:20:36,2022-03-31 02:20:36
Rain,Light,2022-04-03 20:20:36,2022-04-03 22:20:36
Rain,Light,2022-04-03 23:20:36,2022-04-04 07:20:36
Rain,Light,2022-04-04 08:20:36,2022-04-04 18:20:36
Rain,Light,2022-04-04 19:20:36,2022-04-04 23:20:36
Rain,Light,2022-04-05 00:20:36,2022-04-05 01:20:36
Fog,Moderate,2022-04-05 13:00:36,2022-04-05 16:20:36
Fog,Severe,2022-04-06 04:20:36,2022-04-06 08:20:36
Rain,Light,2022-04-07 10:09:36,2022-04-07 10:20:36
Rain,Light,2022-04-07 13:20:36,2022-04-07 14:20:36
Rain,Light,2022-04-10 12:11:36,2022-04-10 12:35:36
Rain,Light,2022-04-10 13:20:36,2022-04-10 13:32:36
Rain,Light,2022-04-10 15:20:36,2022-04-10 15:29:36
Rain,Light,2022-04-10 15:44:36,2022-04-10 16:20:36
Rain,Light,2022-04-11 03:20:36,2022-04-11 03:50:36
Rain,Light,2022-04-11 20:04:36,2022-04-11 21:08:36
Rain,Light,2022-04-11 21:20:36,2022-04-11 22:20:36
Rain,Light,2022-04-11 22:31:36,2022-04-12 03:20:36
Rain,Light,2022-04-12 03:37:36,2022-04-12 04:20:36
Snow,Heavy,2022-04-14 08:20:36,2022-04-14 08:27:36
Snow,Light,2022-04-14 08:27:36,2022-04-14 09:14:36
Snow,Heavy,2022-04-14 09:14:36,2022-04-14 09:30:36
Snow,Light,2022-04-14 09:30:36,2022-04-14 10:20:36
Snow,Moderate,2022-04-14 10:20:36,2022-04-14 10:33:36
Snow,Light,2022-04-14 10:48:36,2022-04-14 11:20:36
Snow,Moderate,2022-04-14 11:20:36,2022-04-14 12:16:36
Snow,Light,2022-04-14 12:39:36,2022-04-14 13:11:36
Snow,Moderate,2022-04-14 13:11:36,2022-04-14 13:40:36
Snow,Light,2022-04-14 13:40:36,2022-04-15 01:54:36
Rain,Light,2022-04-16 04:20:36,2022-04-16 05:20:36
Rain,Light,2022-04-18 04:06:36,2022-04-18 06:20:36
Rain,Light,2022-04-18 08:20:36,2022-04-18 11:20:36
Rain,Moderate,2022-04-18 11:20:36,2022-04-18 12:20:36
Rain,Light,2022-04-18 12:20:36,2022-04-18 13:20:36
Rain,Moderate,2022-04-18 13:20:36,2022-04-18 14:20:36
Rain,Light,2022-04-18 14:20:36,2022-04-18 15:20:36
Rain,Light,2022-04-18 22:20:36,2022-04-18 23:20:36
Rain,Light,2022-04-22 17:57:36,2022-04-22 19:18:36
Rain,Light,2022-04-22 21:13:36,2022-04-22 22:20:36
Rain,Light,2022-04-23 04:43:36,2022-04-23 05:20:36
Rain,Light,2022-04-25 23:20:36,2022-04-26 02:20:36
Rain,Light,2022-04-27 10:05:36,2022-04-27 10:20:36
Snow,Heavy,2022-04-27 11:00:36,2022-04-27 11:28:36
Snow,Light,2022-04-27 11:28:36,2022-04-27 11:48:36
Snow,Moderate,2022-04-27 11:48:36,2022-04-27 12:31:36
Snow,Light,2022-04-27 12:31:36,2022-04-27 12:46:36
Rain,Light,2022-04-27 12:46:36,2022-04-27 12:53:36
Snow,Moderate,2022-04-27 12:53:36,2022-04-27 13:20:36
Snow,Heavy,2022-04-27 13:20:36,2022-04-27 13:54:36
Snow,Light,2022-04-27 14:47:36,2022-04-27 15:20:36
Snow,Heavy,2022-04-27 15:20:36,2022-04-27 16:20:36
Snow,Heavy,2022-04-27 16:59:36,2022-04-27 18:26:36
Snow,Light,2022-04-27 18:26:36,2022-04-27 18:58:36
Snow,Moderate,2022-04-27 18:58:36,2022-04-27 19:34:36
Snow,Light,2022-04-27 19:34:36,2022-04-27 20:20:36
Snow,Moderate,2022-04-27 20:20:36,2022-04-27 21:20:36
Snow,Light,2022-04-27 21:20:36,2022-04-27 23:20:36
Rain,Light,2022-04-29 02:20:36,2022-04-29 05:20:36
Rain,Moderate,2022-04-29 05:20:36,2022-04-29 06:38:36
Precipitation,UNK,2022-04-29 07:20:36,2022-04-29 07:44:36
Rain,Light,2022-04-29 07:44:36,2022-04-29 08:20:36
Rain,Moderate,2022-04-29 08:20:36,2022-04-29 08:23:36
Rain,Light,2022-04-29 08:55:36,2022-04-29 10:20:36
Rain,Moderate,2022-04-29 10:20:36,2022-04-29 11:20:36
Rain,Light,2022-04-29 11:20:36,2022-04-29 13:20:36
Fog,Severe,2022-04-30 01:20:36,2022-04-30 01:50:36
Rain,Light,2022-04-30 04:20:36,2022-04-30 04:47:36
Fog,Severe,2022-04-30 04:47:36,2022-04-30 05:20:36
Rain,Light,2022-04-30 05:20:36,2022-04-30 07:09:36
Rain,Light,2022-04-30 08:20:36,2022-04-30 09:20:36
Rain,Light,2022-04-30 10:20:36,2022-04-30 13:20:36
Precipitation,UNK,2022-04-30 14:20:36,2022-04-30 14:22:36
Rain,Moderate,2022-04-30 14:58:36,2022-04-30 15:08:36
Precipitation,UNK,2022-04-30 15:20:36,2022-04-30 15:37:36
Rain,Light,2022-04-30 15:37:36,2022-04-30 18:20:36
Rain,Light,2022-04-30 19:20:36,2022-04-30 21:29:36
Rain,Moderate,2022-04-30 21:29:36,2022-04-30 22:20:36
Rain,Heavy,2022-04-30 22:20:36,2022-04-30 22:29:36
Rain,Light,2022-04-30 22:29:36,2022-04-30 23:20:36
Rain,Moderate,2022-04-30 23:20:36,2022-04-30 23:59:36
Rain,Light,2022-04-30 23:59:36,2022-05-01 00:20:36
Rain,Moderate,2022-05-01 00:20:36,2022-05-01 01:20:36
Rain,Light,2022-05-01 01:20:36,2022-05-01 03:59:36
Rain,Moderate,2022-05-01 03:59:36,2022-05-01 05:13:36
Rain,Light,2022-05-01 05:13:36,2022-05-01 05:53:36
Rain,Light,2022-05-01 06:15:36,2022-05-01 07:16:36
Fog,Severe,2022-05-02 01:38:36,2022-05-02 06:41:36
Rain,Light,2022-05-02 08:20:36,2022-05-02 10:20:36
Rain,Moderate,2022-05-02 10:20:36,2022-05-02 11:20:36
Rain,Light,2022-05-02 14:20:36,2022-05-02 16:20:36
Rain,Light,2022-05-02 17:20:36,2022-05-02 18:20:36
Fog,Severe,2022-05-02 21:20:36,2022-05-02 22:12:36
Rain,Light,2022-05-02 22:12:36,2022-05-02 23:20:36
Rain,Light,2022-05-03 19:20:36,2022-05-03 20:20:36
Rain,Light,2022-05-06 11:56:36,2022-05-06 14:20:36
Rain,Light,2022-05-07 00:20:36,2022-05-07 02:20:36
Rain,Moderate,2022-05-07 02:20:36,2022-05-07 02:39:36
Rain,Light,2022-05-07 02:39:36,2022-05-07 03:03:36
Rain,Moderate,2022-05-07 03:03:36,2022-05-07 03:34:36
Rain,Light,2022-05-07 03:34:36,2022-05-07 06:20:36
Rain,Light,2022-05-07 07:20:36,2022-05-07 08:20:36
Rain,Light,2022-05-07 09:20:36,2022-05-07 11:04:36
Rain,Light,2022-05-08 04:20:36,2022-05-08 06:20:36
Rain,Light,2022-05-08 22:49:36,2022-05-08 23:50:36
Rain,Moderate,2022-05-08 23:50:36,2022-05-09 00:30:36
Rain,Light,2022-05-09 00:30:36,2022-05-09 01:26:36
Rain,Moderate,2022-05-09 01:26:36,2022-05-09 03:20:36
Rain,Heavy,2022-05-09 03:20:36,2022-05-09 03:56:36
Rain,Moderate,2022-05-09 03:56:36,2022-05-09 04:39:36
Rain,Light,2022-05-09 04:39:36,2022-05-09 05:54:36
Fog,Severe,2022-05-09 05:54:36,2022-05-09 06:44:36
Rain,Light,2022-05-11 14:20:36,2022-05-11 18:20:36
Rain,Light,2022-05-12 17:20:36,2022-05-12 23:20:36
Rain,Light,2022-05-16 11:59:36,2022-05-16 13:20:36
Rain,Light,2022-05-16 15:20:36,2022-05-16 16:20:36
Rain,Light,2022-05-16 21:43:36,2022-05-16 22:20:36
Rain,Light,2022-05-16 23:07:36,2022-05-16 23:20:36
Rain,Light,2022-05-17 00:20:36,2022-05-17 00:29:36
Rain,Moderate,2022-05-17 01:02:36,2022-05-17 02:20:36
Rain,Light,2022-05-17 11:20:36,2022-05-17 13:20:36
Rain,Light,2022-05-17 18:20:36,2022-05-17 19:20:36
Rain,Light,2022-05-18 14:02:36,2022-05-18 14:20:36
Rain,Moderate,2022-05-18 14:20:36,2022-05-18 14:33:36
Rain,Light,2022-05-18 14:33:36,2022-05-18 14:50:36
Rain,Moderate,2022-05-18 15:20:36,2022-05-18 17:20:36
Rain,Light,2022-05-19 02:20:36,2022-05-19 03:20:36
Rain,Light,2022-05-19 04:20:36,2022-05-19 05:20:36
Rain,Light,2022-05-19 08:20:36,2022-05-19 08:41:36
Precipitation,UNK,2022-05-19 13:20:36,2022-05-19 13:38:36
Rain,Light,2022-05-19 14:20:36,2022-05-19 15:20:36
Rain,Light,2022-05-21 04:20:36,2022-05-21 08:20:36
Rain,Light,2022-05-21 09:20:36,2022-05-21 10:20:36
Rain,Light,2022-05-21 11:20:36,2022-05-21 12:20:36
Rain,Light,2022-05-22 00:20:36,2022-05-22 00:35:36
Rain,Moderate,2022-05-22 01:05:36,2022-05-22 02:00:36
Rain,Heavy,2022-05-22 02:00:36,2022-05-22 03:20:36
Rain,Light,2022-05-22 03:20:36,2022-05-22 04:10:36
Rain,Light,2022-05-22 23:20:36,2022-05-23 02:20:36
Rain,Light,2022-05-23 03:01:36,2022-05-23 03:20:36
Rain,Light,2022-05-24 05:20:36,2022-05-24 05:42:36
Rain,Light,2022-05-24 05:53:36,2022-05-24 07:20:36
Rain,Light,2022-05-26 09:20:36,2022-05-26 09:56:36
Rain,Light,2022-05-27 13:02:36,2022-05-27 14:07:36
Rain,Moderate,2022-05-27 14:07:36,2022-05-27 14:10:36
Precipitation,UNK,2022-05-27 14:10:36,2022-05-27 15:00:36
Rain,Moderate,2022-05-27 15:00:36,2022-05-27 15:34:36
Rain,Light,2022-05-27 15:58:36,2022-05-27 16:58:36
Precipitation,UNK,2022-05-27 17:20:36,2022-05-27 17:23:36
Fog,Severe,2022-05-27 19:54:36,2022-05-27 20:08:36
Rain,Light,2022-05-28 14:34:36,2022-05-28 15:20:36
Rain,Light,2022-05-28 20:56:36,2022-05-28 21:20:36
Precipitation,UNK,2022-05-28 21:54:36,2022-05-28 22:46:36
Rain,Light,2022-05-28 23:36:36,2022-05-29 04:20:36
Rain,Light,2022-05-30 02:20:36,2022-05-30 07:20:36
Rain,Light,2022-06-01 17:16:36,2022-06-01 18:20:36
Rain,Light,2022-06-04 09:20:36,2022-06-04 10:20:36
Rain,Moderate,2022-06-04 10:20:36,2022-06-04 11:20:36
Rain,Light,2022-06-05 01:20:36,2022-06-05 03:45:36
Rain,Light,2022-06-05 04:20:36,2022-06-05 05:20:36
Rain,Moderate,2022-06-05 05:20:36,2022-06-05 06:20:36
Rain,Light,2022-06-05 06:20:36,2022-06-05 07:20:36
Rain,Light,2022-06-08 21:20:36,2022-06-08 22:20:36
Rain,Light,2022-06-08 23:20:36,2022-06-09 00:20:36
Rain,Light,2022-06-09 11:43:36,2022-06-09 12:20:36
Rain,Light,2022-06-09 13:56:36,2022-06-09 14:20:36
Rain,Light,2022-06-12 11:20:36,2022-06-12 12:20:36
Rain,Light,2022-06-12 13:20:36,2022-06-12 15:20:36
Rain,Light,2022-06-12 18:20:36,2022-06-12 21:20:36
Rain,Moderate,2022-06-12 21:20:36,2022-06-12 22:20:36
Rain,Light,2022-06-12 22:20:36,2022-06-12 23:20:36
Rain,Moderate,2022-06-12 23:20:36,2022-06-13 00:20:36
Rain,Light,2022-06-13 00:20:36,2022-06-13 04:20:36
Rain,Light,2022-06-13 05:20:36,2022-06-13 06:20:36
Rain,Light,2022-06-14 20:20:36,2022-06-14 22:20:36
Rain,Light,2022-06-15 11:40:36,2022-06-15 12:20:36
Rain,Light,2022-06-15 14:20:36,2022-06-15 16:20:36
Rain,Moderate,2022-06-15 16:20:36,2022-06-15 16:50:36
Rain,Light,2022-06-15 16:50:36,2022-06-15 19:01:36
Fog,Severe,2022-06-15 20:39:36,2022-06-16 00:04:36
Rain,Light,2022-06-16 00:04:36,2022-06-16 02:20:36
Fog,Severe,2022-06-16 03:20:36,2022-06-16 06:20:36
Fog,Severe,2022-06-16 07:47:36,2022-06-16 08:20:36
Fog,Severe,2022-06-16 10:20:36,2022-06-16 10:47:36
Fog,Severe,2022-06-18 04:11:36,2022-06-18 08:25:36
Rain,Light,2022-06-19 17:20:36,2022-06-19 22:20:36
Rain,Moderate,2022-06-19 22:20:36,2022-06-19 22:34:36
Rain,Light,2022-06-19 22:34:36,2022-06-19 23:20:36
Rain,Moderate,2022-06-19 23:20:36,2022-06-19 23:30:36
Rain,Light,2022-06-19 23:30:36,2022-06-20 03:20:36
Fog,Severe,2022-06-20 04:09:36,2022-06-20 05:46:36
Rain,Light,2022-06-20 06:20:36,2022-06-20 07:15:36
Rain,Light,2022-06-20 07:20:36,2022-06-20 08:20:36
Rain,Light,2022-06-20 12:16:36,2022-06-20 12:32:36
Rain,Light,2022-06-21 17:20:36,2022-06-21 18:20:36
Rain,Light,2022-06-21 20:20:36,2022-06-21 21:20:36
Rain,Light,2022-06-23 05:38:36,2022-06-23 07:20:36
Rain,Light,2022-06-23 14:20:36,2022-06-23 15:06:36
Rain,Light,2022-06-23 17:20:36,2022-06-23 19:20:36
Rain,Light,2022-06-24 12:20:36,2022-06-24 13:12:36
Rain,Light,2022-06-26 19:20:36,2022-06-26 20:20:36
Rain,Moderate,2022-06-26 20:20:36,2022-06-26 21:20:36
Rain,Light,2022-06-27 19:40:36,2022-06-27 20:08:36
Precipitation,UNK,2022-06-28 11:20:36,2022-06-28 11:32:36
Rain,Light,2022-06-28 20:20:36,2022-06-28 21:20:36
Rain,Light,2022-06-30 13:51:36,2022-06-30 13:57:36
Rain,Moderate,2022-06-30 14:09:36,2022-06-30 15:20:36
Rain,Light,2022-06-30 15:20:36,2022-06-30 17:20:36
Precipitation,UNK,2022-07-02 19:30:36,2022-07-02 20:07:36
Rain,Heavy,2022-07-02 20:07:36,2022-07-02 21:20:36
Rain,Light,2022-07-02 21:20:36,2022-07-02 23:20:36
Rain,Light,2022-07-03 01:20:36,2022-07-03 03:20:36
Rain,Light,2022-07-03 05:13:36,2022-07-03 07:20:36
Rain,Light,2022-07-10 02:20:36,2022-07-10 03:20:36
Rain,Light,2022-07-14 19:20:36,2022-07-14 20:20:36
Rain,Light,2022-07-16 02:20:36,2022-07-16 04:09:36
Rain,Light,2022-07-16 08:11:36,2022-07-16 08:20:36
Rain,Light,2022-07-16 12:15:36,2022-07-16 14:20:36
Precipitation,UNK,2022-07-17 17:41:36,2022-07-17 19:20:36
Precipitation,UNK,2022-07-18 08:45:36,2022-07-18 09:27:36
Precipitation,UNK,2022-07-18 10:02:36,2022-07-18 10:20:36
Rain,Moderate,2022-07-18 10:20:36,2022-07-18 10:38:36
Rain,Light,2022-07-18 10:38:36,2022-07-18 11:16:36
Rain,Moderate,2022-07-18 11:16:36,2022-07-18 11:20:36
Precipitation,UNK,2022-07-18 11:30:36,2022-07-18 11:56:36
Rain,Moderate,2022-07-18 11:56:36,2022-07-18 12:20:36
Precipitation,UNK,2022-07-18 12:20:36,2022-07-18 13:20:36
Rain,Light,2022-07-21 11:20:36,2022-07-21 12:20:36
Rain,Moderate,2022-07-21 12:20:36,2022-07-21 12:46:36
Rain,Light,2022-07-21 12:46:36,2022-07-21 13:00:36
Rain,Light,2022-07-21 13:20:36,2022-07-21 15:20:36
Rain,Light,2022-07-29 08:52:36,2022-07-29 11:20:36
Rain,Light,2022-07-29 12:28:36,2022-07-29 12:35:36
Rain,Moderate,2022-07-29 12:35:36,2022-07-29 12:41:36
Rain,Heavy,2022-07-29 12:41:36,2022-07-29 12:46:36
Precipitation,UNK,2022-07-29 12:46:36,2022-07-29 13:08:36
Rain,Heavy,2022-07-29 13:08:36,2022-07-29 13:20:36
Precipitation,UNK,2022-07-29 13:20:36,2022-07-29 14:10:36
Rain,Moderate,2022-07-29 16:05:36,2022-07-29 16:20:36
Rain,Moderate,2022-08-06 02:13:36,2022-08-06 02:31:36
Rain,Light,2022-08-06 02:31:36,2022-08-06 05:00:36
Rain,Light,2022-08-12 15:20:36,2022-08-12 16:33:36
Rain,Moderate,2022-08-12 16:33:36,2022-08-12 16:41:36
Rain,Heavy,2022-08-12 16:41:36,2022-08-12 17:38:36
Rain,Light,2022-08-12 17:38:36,2022-08-12 18:20:36
Rain,Light,2022-08-12 18:55:36,2022-08-12 20:07:36
Fog,Severe,2022-08-12 20:07:36,2022-08-12 20:33:36
Rain,Light,2022-08-12 22:20:36,2022-08-13 02:20:36
Fog,Severe,2022-08-13 03:32:36,2022-08-13 06:15:36
Rain,Light,2022-08-13 18:36:36,2022-08-13 18:55:36
Rain,Moderate,2022-08-13 18:55:36,2022-08-13 19:20:36
Precipitation,UNK,2022-08-13 19:20:36,2022-08-13 20:20:36
Rain,Moderate,2022-08-14 16:32:36,2022-08-14 16:36:36
Rain,Heavy,2022-08-14 16:36:36,2022-08-14 17:20:36
Precipitation,UNK,2022-08-14 17:20:36,2022-08-14 18:20:36
Rain,Light,2022-08-17 11:17:36,2022-08-17 12:20:36
Rain,Light,2022-08-17 14:20:36,2022-08-17 15:20:36
Rain,Light,2022-08-18 07:20:36,2022-08-18 08:20:36
Precipitation,UNK,2022-08-18 08:20:36,2022-08-18 09:20:36
Rain,Heavy,2022-08-18 09:20:36,2022-08-18 09:32:36
Rain,Light,2022-08-19 17:20:36,2022-08-19 18:20:36
Rain,Light,2022-08-20 11:20:36,2022-08-20 12:20:36
Rain,Moderate,2022-08-20 12:20:36,2022-08-20 12:41:36
Rain,Light,2022-08-20 12:41:36,2022-08-20 13:20:36
Rain,Light,2022-08-20 14:20:36,2022-08-20 16:20:36
Rain,Light,2022-08-21 16:20:36,2022-08-21 17:20:36
Rain,Light,2022-08-26 01:20:36,2022-08-26 02:20:36
Rain,Light,2022-08-26 05:20:36,2022-08-26 06:20:36
Rain,Moderate,2022-08-26 06:20:36,2022-08-26 06:24:36
Rain,Light,2022-08-26 06:24:36,2022-08-26 06:35:36
Rain,Moderate,2022-08-26 06:35:36,2022-08-26 07:20:36
Rain,Light,2022-08-26 07:33:36,2022-08-26 07:54:36
Rain,Moderate,2022-08-26 07:54:36,2022-08-26 08:20:36
Rain,Light,2022-08-26 12:39:36,2022-08-26 13:07:36
Rain,Light,2022-08-26 13:16:36,2022-08-26 14:20:36
Rain,Light,2022-08-26 15:20:36,2022-08-26 15:54:36
Rain,Light,2022-08-26 17:20:36,2022-08-26 17:27:36
Rain,Light,2022-08-26 18:20:36,2022-08-26 20:20:36
Rain,Light,2022-08-31 16:20:36,2022-08-31 19:20:36
Rain,Light,2022-08-31 23:20:36,2022-09-01 01:20:36
Rain,Moderate,2022-09-01 01:20:36,2022-09-01 03:06:36
Rain,Light,2022-09-01 03:06:36,2022-09-01 03:20:36
Rain,Moderate,2022-09-01 03:46:36,2022-09-01 05:20:36
Rain,Light,2022-09-03 06:20:36,2022-09-03 06:33:36
Rain,Moderate,2022-09-03 07:20:36,2022-09-03 08:20:36
Rain,Light,2022-09-03 08:20:36,2022-09-03 09:20:36
Rain,Light,2022-09-08 08:20:36,2022-09-08 10:20:36
Rain,Light,2022-09-08 11:20:36,2022-09-08 12:20:36
Rain,Light,2022-09-09 03:20:36,2022-09-09 03:50:36
Rain,Light,2022-09-09 06:20:36,2022-09-09 07:20:36
Rain,Moderate,2022-09-11 23:11:36,2022-09-11 23:59:36
Rain,Light,2022-09-11 23:59:36,2022-09-12 00:20:36
Precipitation,UNK,2022-09-12 03:50:36,2022-09-12 04:20:36
Rain,Moderate,2022-09-12 04:20:36,2022-09-12 04:28:36
Rain,Light,2022-09-12 04:28:36,2022-09-12 04:58:36
Rain,Light,2022-09-12 05:20:36,2022-09-12 06:10:36
Rain,Light,2022-09-13 04:20:36,2022-09-13 04:37:36
Precipitation,UNK,2022-09-13 04:58:36,2022-09-13 05:20:36
Rain,Heavy,2022-09-13 05:20:36,2022-09-13 05:34:36
Rain,Moderate,2022-09-13 05:55:36,2022-09-13 06:42:36
Rain,Light,2022-09-15 00:32:36,2022-09-15 00:47:36
Rain,Light,2022-09-15 03:20:36,2022-09-15 04:20:36
Rain,Moderate,2022-09-15 04:20:36,2022-09-15 05:49:36
Rain,Light,2022-09-15 06:20:36,2022-09-15 07:20:36
Rain,Moderate,2022-09-15 07:20:36,2022-09-15 07:30:36
Rain,Light,2022-09-15 07:30:36,2022-09-15 08:18:36
Rain,Light,2022-09-15 17:41:36,2022-09-15 18:20:36
Rain,Light,2022-09-20 01:20:36,2022-09-20 02:20:36
Rain,Light,2022-09-21 09:20:36,2022-09-21 10:20:36
Rain,Light,2022-09-21 19:20:36,2022-09-21 20:20:36
Rain,Moderate,2022-09-21 20:20:36,2022-09-21 22:20:36
Rain,Light,2022-09-21 23:20:36,2022-09-22 00:20:36
Rain,Light,2022-09-22 00:58:36,2022-09-22 01:20:36
Rain,Light,2022-09-22 03:20:36,2022-09-22 04:20:36
Rain,Light,2022-09-22 13:20:36,2022-09-22 14:52:36
Rain,Moderate,2022-09-22 14:52:36,2022-09-22 16:11:36
Rain,Light,2022-09-22 16:11:36,2022-09-22 17:02:36
Rain,Moderate,2022-09-22 17:02:36,2022-09-22 17:36:36
Rain,Light,2022-09-22 17:36:36,2022-09-22 18:20:36
Rain,Light,2022-09-22 18:57:36,2022-09-22 19:20:36
Rain,Light,2022-09-22 20:20:36,2022-09-22 20:40:36
Rain,Light,2022-09-22 20:52:36,2022-09-22 21:51:36
Rain,Light,2022-09-25 06:20:36,2022-09-25 06:33:36
Rain,Light,2022-09-26 00:20:36,2022-09-26 02:20:36
Rain,Light,2022-09-27 10:36:36,2022-09-27 11:20:36
Rain,Moderate,2022-09-27 11:20:36,2022-09-27 13:11:36
Rain,Light,2022-09-27 13:11:36,2022-09-27 16:57:36
Rain,Moderate,2022-09-27 17:11:36,2022-09-27 17:20:36
Rain,Light,2022-09-27 18:20:36,2022-09-27 18:57:36
Precipitation,UNK,2022-09-27 18:57:36,2022-09-27 19:20:36
Rain,Heavy,2022-09-27 19:20:36,2022-09-27 20:20:36
Rain,Moderate,2022-09-27 20:20:36,2022-09-27 21:20:36
Rain,Light,2022-09-27 21:20:36,2022-09-27 22:20:36
Rain,Moderate,2022-09-27 22:20:36,2022-09-27 23:03:36
Rain,Light,2022-09-27 23:03:36,2022-09-28 01:20:36
Rain,Moderate,2022-09-28 01:20:36,2022-09-28 01:31:36
Rain,Light,2022-09-28 01:31:36,2022-09-28 03:15:36
Rain,Light,2022-09-28 05:20:36,2022-09-28 06:05:36
Rain,Light,2022-09-28 06:45:36,2022-09-28 08:11:36
Fog,Severe,2022-09-28 08:11:36,2022-09-28 10:01:36
Rain,Light,2022-09-28 11:20:36,2022-09-28 13:20:36
Rain,Light,2022-09-29 01:20:36,2022-09-29 02:20:36
Rain,Light,2022-09-29 03:20:36,2022-09-29 04:20:36
Precipitation,UNK,2022-09-29 04:20:36,2022-09-29 05:08:36
Rain,Moderate,2022-09-29 05:08:36,2022-09-29 06:20:36
Rain,Light,2022-09-29 06:20:36,2022-09-29 07:07:36
Rain,Light,2022-09-29 07:20:36,2022-09-29 09:20:36
Rain,Light,2022-09-29 15:20:36,2022-09-29 16:20:36
Rain,Light,2022-09-29 17:20:36,2022-09-29 19:20:36
Fog,Severe,2022-09-30 02:47:36,2022-09-30 06:17:36
Rain,Light,2022-10-02 05:45:36,2022-10-02 06:20:36
Rain,Light,2022-10-02 06:54:36,2022-10-02 08:20:36
Rain,Light,2022-10-02 09:10:36,2022-10-02 09:55:36
Rain,Light,2022-10-02 10:11:36,2022-10-02 10:35:36
Fog,Severe,2022-10-02 10:35:36,2022-10-02 10:39:36
Rain,Light,2022-10-02 11:04:36,2022-10-02 11:20:36
Rain,Light,2022-10-02 18:20:36,2022-10-02 19:20:36
Rain,Light,2022-10-02 20:08:36,2022-10-02 22:20:36
Fog,Severe,2022-10-02 22:20:36,2022-10-02 22:57:36
Rain,Moderate,2022-10-02 22:57:36,2022-10-02 23:45:36
Rain,Moderate,2022-10-02 23:53:36,2022-10-03 02:20:36
Rain,Light,2022-10-05 16:20:36,2022-10-05 17:20:36
Rain,Moderate,2022-10-05 17:20:36,2022-10-05 19:20:36
Rain,Light,2022-10-05 19:20:36,2022-10-05 20:20:36
Rain,Light,2022-10-10 15:20:36,2022-10-10 17:20:36
Rain,Light,2022-10-10 19:20:36,2022-10-10 20:20:36
Rain,Light,2022-10-10 22:20:36,2022-10-11 00:20:36
Rain,Light,2022-10-11 03:20:36,2022-10-11 04:20:36
Rain,Light,2022-10-11 08:20:36,2022-10-11 09:09:36
Rain,Moderate,2022-10-11 09:09:36,2022-10-11 09:20:36
Rain,Heavy,2022-10-11 09:20:36,2022-10-11 09:35:36
Rain,Light,2022-10-11 09:35:36,2022-10-11 11:20:36
Rain,Light,2022-10-11 15:20:36,2022-10-11 17:20:36
Rain,Light,2022-10-15 10:20:36,2022-10-15 10:48:36
Rain,Light,2022-10-15 16:20:36,2022-10-15 17:06:36
Fog,Severe,2022-10-20 19:30:36,2022-10-21 00:46:36
Rain,Light,2022-10-21 08:20:36,2022-10-21 09:09:36
Rain,Light,2022-10-21 12:05:36,2022-10-21 14:03:36
Rain,Light,2022-10-22 04:55:36,2022-10-22 05:20:36
Rain,Light,2022-10-22 08:20:36,2022-10-22 10:20:36
Rain,Light,2022-10-22 11:20:36,2022-10-22 12:08:36
Rain,Light,2022-10-22 12:20:36,2022-10-22 12:59:36
Rain,Light,2022-10-23 20:20:36,2022-10-23 22:20:36
Rain,Light,2022-10-23 23:20:36,2022-10-24 00:20:36
Rain,Light,2022-10-26 12:20:36,2022-10-26 16:20:36
Rain,Moderate,2022-10-26 16:20:36,2022-10-26 17:20:36
Rain,Heavy,2022-10-26 17:20:36,2022-10-26 19:37:36
Rain,Light,2022-10-26 19:37:36,2022-10-26 20:20:36
Rain,Moderate,2022-10-26 20:20:36,2022-10-26 21:53:36
Rain,Light,2022-10-26 21:53:36,2022-10-27 02:20:36
Rain,Light,2022-10-28 18:20:36,2022-10-28 21:20:36
Rain,Light,2022-10-29 01:53:36,2022-10-29 08:20:36
Fog,Severe,2022-10-29 08:20:36,2022-10-29 08:40:36
Rain,Light,2022-10-30 00:11:36,2022-10-30 00:20:36
Rain,Light,2022-10-30 01:20:36,2022-10-30 02:20:36
Snow,Moderate,2022-10-30 03:20:36,2022-10-30 04:20:36
Snow,Heavy,2022-10-30 04:20:36,2022-10-30 07:20:36
Rain,Light,2022-10-30 08:20:36,2022-10-30 12:36:36
Rain,Light,2022-10-30 13:20:36,2022-10-31 02:57:36
Snow,Moderate,2022-10-31 04:20:36,2022-10-31 05:20:36
Snow,Light,2022-10-31 05:20:36,2022-10-31 17:20:36
Rain,Light,2022-11-01 21:20:36,2022-11-01 23:20:36
Rain,Light,2022-11-02 00:20:36,2022-11-02 01:20:36
Rain,Light,2022-11-06 04:20:36,2022-11-06 05:20:36
Rain,Light,2022-11-06 19:20:36,2022-11-06 21:29:36
Snow,Light,2022-11-07 00:13:36,2022-11-07 03:20:36
Rain,Light,2022-11-10 20:20:36,2022-11-10 23:20:36
Snow,Light,2022-11-10 23:20:36,2022-11-11 00:20:36
Snow,Light,2022-11-11 03:00:36,2022-11-11 03:20:36
Snow,Moderate,2022-11-11 03:20:36,2022-11-11 03:45:36
Snow,Light,2022-11-11 03:45:36,2022-11-11 04:20:36
Snow,Moderate,2022-11-11 04:20:36,2022-11-11 05:20:36
Snow,Light,2022-11-11 05:20:36,2022-11-11 18:20:36
Snow,Light,2022-11-13 19:20:36,2022-11-13 20:20:36
Snow,Light,2022-11-13 23:20:36,2022-11-14 03:20:36
Rain,Light,2022-11-17 20:20:36,2022-11-18 00:20:36
Fog,Severe,2022-11-18 01:08:36,2022-11-18 02:20:36
Rain,Light,2022-11-19 11:20:36,2022-11-19 18:20:36
Rain,Light,2022-11-21 02:20:36,2022-11-21 05:20:36
Rain,Moderate,2022-11-21 05:20:36,2022-11-21 06:34:36
Rain,Light,2022-11-21 06:34:36,2022-11-21 08:20:36
Rain,Light,2022-11-21 11:38:36,2022-11-21 12:20:36
Rain,Light,2022-11-21 18:01:36,2022-11-21 19:06:36
Rain,Light,2022-11-24 18:20:36,2022-11-24 19:20:36
Fog,Moderate,2022-11-26 15:20:36,2022-11-26 16:20:36
Rain,Light,2022-11-26 16:20:36,2022-11-26 18:20:36
Rain,Moderate,2022-11-26 18:20:36,2022-11-26 18:42:36
Rain,Light,2022-11-26 18:42:36,2022-11-26 19:52:36
Fog,Severe,2022-11-26 19:52:36,2022-11-26 20:13:36
Rain,Light,2022-11-26 20:13:36,2022-11-26 21:20:36
Fog,Severe,2022-11-26 21:20:36,2022-11-26 21:59:36
Rain,Light,2022-11-26 21:59:36,2022-11-26 23:20:36
Rain,Light,2022-11-27 01:14:36,2022-11-27 03:20:36
Storm,Severe,2022-11-27 05:20:36,2022-11-27 06:13:36
Rain,Light,2022-11-28 17:20:36,2022-11-28 19:18:36
Rain,Light,2022-11-28 20:50:36,2022-11-28 21:20:36
Rain,Light,2022-11-28 23:20:36,2022-11-29 00:51:36
Rain,Light,2022-11-29 01:20:36,2022-11-29 05:20:36
Rain,Light,2022-11-29 19:02:36,2022-11-29 19:54:36
Rain,Light,2022-11-30 00:20:36,2022-11-30 05:01:36
Fog,Severe,2022-11-30 06:40:36,2022-11-30 08:09:36
Rain,Light,2022-11-30 08:09:36,2022-11-30 09:39:36
Fog,Severe,2022-11-30 09:39:36,2022-11-30 09:51:36
Rain,Light,2022-11-30 10:20:36,2022-11-30 11:49:36
Rain,Light,2022-11-30 13:20:36,2022-11-30 14:20:36
Rain,Light,2022-11-30 15:20:36,2022-12-01 01:20:36
Fog,Severe,2022-12-01 03:34:36,2022-12-01 04:20:36
Rain,Light,2022-12-01 12:59:36,2022-12-01 17:44:36
Snow,Light,2022-12-01 18:48:36,2022-12-01 22:07:36
Snow,Light,2022-12-01 23:20:36,2022-12-02 00:20:36
Rain,Light,2022-12-09 01:20:36,2022-12-09 09:20:36
Rain,Light,2022-12-09 09:47:36,2022-12-09 12:20:36
Rain,Light,2022-12-09 14:30:36,2022-12-09 15:20:36
Snow,Light,2022-12-09 22:20:36,2022-12-10 07:20:36
Snow,Light,2022-12-10 22:52:36,2022-12-11 02:20:36
Snow,Light,2022-12-11 06:11:36,2022-12-11 12:20:36
Fog,Moderate,2022-12-14 12:09:36,2022-12-14 12:20:36
Snow,Light,2022-12-15 22:07:36,2022-12-16 05:09:36
Snow,Light,2022-12-16 05:20:36,2022-12-16 07:20:36
Snow,Light,2022-12-17 21:20:36,2022-12-18 00:20:36
Fog,Severe,2022-12-24 03:20:36,2022-12-24 07:54:36
Fog,Severe,2022-12-24 08:41:36,2022-12-24 09:32:36
Fog,Moderate,2022-12-28 14:20:36,2022-12-28 16:20:36
Rain,Light,2022-12-28 20:20:36,2022-12-28 23:20:36
Rain,Moderate,2022-12-28 23:20:36,2022-12-28 23:50:36
Rain,Light,2022-12-28 23:50:36,2022-12-29 00:20:36
Rain,Moderate,2022-12-29 00:20:36,2022-12-29 00:35:36
Rain,Light,2022-12-29 00:35:36,2022-12-29 01:20:36
Rain,Moderate,2022-12-29 01:20:36,2022-12-29 02:20:36
Rain,Light,2022-12-29 02:20:36,2022-12-29 04:20:36
Rain,Moderate,2022-12-29 04:20:36,2022-12-29 05:34:36
Rain,Light,2022-12-29 05:34:36,2022-12-29 06:02:36
Rain,Light,2022-12-29 19:20:36,2022-12-29 21:20:36
Rain,Moderate,2022-12-29 21:20:36,2022-12-29 21:35:36
Rain,Light,2022-12-29 21:35:36,2022-12-30 03:02:36
Snow,Light,2022-12-30 06:45:36,2022-12-30 07:20:36
Snow,Light,2022-12-30 09:07:36,2022-12-31 08:20:36
Snow,Light,2023-01-04 01:20:36,2023-01-04 07:49:36
Rain,Light,2023-01-09 11:20:36,2023-01-09 13:20:36
Rain,Light,2023-01-10 02:07:36,2023-01-10 03:20:36
Fog,Severe,2023-01-10 07:00:36,2023-01-10 10:45:36
Rain,Light,2023-01-10 10:45:36,2023-01-10 12:20:36
Fog,Severe,2023-01-10 12:20:36,2023-01-10 13:44:36
Rain,Light,2023-01-10 15:29:36,2023-01-10 16:18:36
Fog,Severe,2023-01-10 16:18:36,2023-01-10 17:20:36
Rain,Light,2023-01-10 17:20:36,2023-01-10 20:18:36
Rain,Moderate,2023-01-10 20:18:36,2023-01-10 21:20:36
Rain,Heavy,2023-01-10 21:20:36,2023-01-10 23:20:36
Rain,Moderate,2023-01-10 23:20:36,2023-01-11 02:20:36
Rain,Light,2023-01-11 02:20:36,2023-01-11 07:20:36
Snow,Light,2023-01-11 07:38:36,2023-01-12 00:10:36
Rain,Light,2023-01-12 19:03:36,2023-01-12 19:20:36
Snow,Light,2023-01-12 22:20:36,2023-01-13 02:20:36
Fog,Severe,2023-01-14 07:07:36,2023-01-14 08:20:36
Fog,Severe,2023-01-15 06:55:36,2023-01-15 11:20:36
Rain,Light,2023-01-15 11:20:36,2023-01-15 13:20:36
Fog,Severe,2023-01-15 13:20:36,2023-01-15 15:45:36
Snow,Light,2023-01-17 15:12:36,2023-01-17 17:20:36
Snow,Moderate,2023-01-17 17:20:36,2023-01-17 17:35:36
Snow,Light,2023-01-17 17:35:36,2023-01-17 21:58:36
Rain,Light,2023-01-18 04:20:36,2023-01-18 09:28:36
Snow,Light,2023-01-18 13:56:36,2023-01-18 14:20:36
Snow,Light,2023-01-18 16:20:36,2023-01-19 01:20:36
Snow,Light,2023-01-19 16:20:36,2023-01-19 17:20:36
Snow,Light,2023-01-19 22:20:36,2023-01-19 23:20:36
Snow,Light,2023-01-20 00:20:36,2023-01-20 08:20:36
Snow,Light,2023-01-20 09:20:36,2023-01-20 12:20:36
Snow,Light,2023-01-23 00:20:36,2023-01-23 19:20:36
Rain,Light,2023-01-23 23:20:36,2023-01-24 05:20:36
Fog,Severe,2023-01-24 05:20:36,2023-01-24 06:20:36
Rain,Light,2023-01-24 06:20:36,2023-01-24 07:20:36
Fog,Severe,2023-01-24 07:20:36,2023-01-24 15:20:36
Rain,Light,2023-01-24 15:20:36,2023-01-24 21:20:36
Fog,Severe,2023-01-24 22:15:36,2023-01-24 23:10:36
Snow,Light,2023-01-25 00:20:36,2023-01-25 06:20:36
Snow,Light,2023-01-25 08:09:36,2023-01-25 11:20:36
Snow,Light,2023-01-25 11:35:36,2023-01-25 12:36:36
Snow,Light,2023-01-25 13:11:36,2023-01-25 18:20:36
Snow,Light,2023-01-27 19:20:36,2023-01-27 21:20:36
Snow,Light,2023-01-28 00:20:36,2023-01-28 01:20:36
Snow,Light,2023-01-28 18:20:36,2023-01-28 19:20:36
Snow,Light,2023-01-28 20:20:36,2023-01-28 21:20:36
Snow,Light,2023-01-29 00:20:36,2023-01-29 08:20:36
Snow,Heavy,2023-01-29 09:20:36,2023-01-29 10:20:36
Snow,Light,2023-01-29 10:20:36,2023-01-29 22:20:36
Snow,Light,2023-01-29 23:20:36,2023-01-30 01:20:36
Snow,Light,2023-01-31 00:20:36,2023-01-31 12:20:36
Rain,Light,2023-01-31 22:20:36,2023-01-31 23:04:36
Snow,Light,2023-01-31 23:18:36,2023-02-01 04:20:36
Fog,Severe,2023-02-01 04:20:36,2023-02-01 08:54:36
Snow,Light,2023-02-04 23:46:36,2023-02-05 01:20:36
Snow,Light,2023-02-05 14:20:36,2023-02-06 22:43:36
Snow,Light,2023-02-07 00:30:36,2023-02-07 05:20:36
Snow,Light,2023-02-08 15:20:36,2023-02-08 17:20:36
Snow,Light,2023-02-09 11:11:36,2023-02-09 13:16:36
Snow,Moderate,2023-02-09 13:16:36,2023-02-09 13:35:36
Rain,Light,2023-02-09 15:20:36,2023-02-09 21:40:36
Fog,Moderate,2023-02-10 19:20:36,2023-02-10 20:01:36
Snow,Light,2023-02-12 14:17:36,2023-02-12 15:20:36
Snow,Moderate,2023-02-12 15:20:36,2023-02-12 15:30:36
Snow,Light,2023-02-12 15:30:36,2023-02-12 16:01:36
Snow,Moderate,2023-02-12 16:01:36,2023-02-12 17:32:36
Snow,Light,2023-02-12 17:32:36,2023-02-12 17:51:36
Snow,Moderate,2023-02-12 17:51:36,2023-02-12 19:10:36
Snow,Light,2023-02-12 19:10:36,2023-02-13 15:20:36
Snow,Light,2023-02-15 13:20:36,2023-02-15 14:20:36
Rain,Light,2023-02-17 13:10:36,2023-02-17 18:20:36
Fog,Severe,2023-02-17 18:20:36,2023-02-17 18:29:36
Rain,Light,2023-02-17 19:20:36,2023-02-18 00:20:36
Fog,Severe,2023-02-18 00:20:36,2023-02-18 01:55:36
Rain,Light,2023-02-24 13:20:36,2023-02-24 15:20:36
Rain,Light,2023-02-24 18:20:36,2023-02-24 20:58:36
Rain,Light,2023-02-24 21:20:36,2023-02-24 23:20:36
Snow,Light,2023-02-25 07:20:36,2023-02-25 08:20:36
Snow,Light,2023-02-25 09:20:36,2023-02-25 10:20:36
Snow,Light,2023-02-25 13:48:36,2023-02-26 10:20:36
Snow,Light,2023-02-26 12:20:36,2023-02-26 21:20:36
Snow,Light,2023-02-26 22:20:36,2023-02-26 23:20:36
Snow,Light,2023-02-27 05:20:36,2023-02-27 06:20:36
Snow,Light,2023-02-27 10:20:36,2023-02-27 13:20:36
Rain,Light,2023-03-05 05:04:36,2023-03-05 05:46:36
Rain,Light,2023-03-06 19:45:36,2023-03-06 21:20:36
Snow,Light,2023-03-06 21:20:36,2023-03-07 04:20:36
Rain,Light,2023-03-10 06:20:36,2023-03-10 07:20:36
Rain,Light,2023-03-10 09:20:36,2023-03-10 18:20:36
Rain,Moderate,2023-03-10 18:20:36,2023-03-10 19:29:36
Rain,Light,2023-03-10 19:29:36,2023-03-10 21:20:36
Rain,Moderate,2023-03-10 21:20:36,2023-03-10 21:53:36
Rain,Light,2023-03-10 21:53:36,2023-03-11 01:08:36
Rain,Light,2023-03-12 05:18:36,2023-03-12 05:44:36
Fog,Severe,2023-03-12 06:52:36,2023-03-12 08:20:36
Rain,Light,2023-03-12 08:20:36,2023-03-12 09:20:36
Fog,Severe,2023-03-12 09:20:36,2023-03-12 10:01:36
Rain,Light,2023-03-13 20:20:36,2023-03-13 22:20:36
Snow,Light,2023-03-15 13:20:36,2023-03-15 15:20:36
Snow,Light,2023-03-15 15:54:36,2023-03-15 19:20:36
Snow,Light,2023-03-17 10:20:36,2023-03-17 11:16:36
Rain,Light,2023-03-17 14:20:36,2023-03-17 15:55:36
Fog,Moderate,2023-03-17 15:55:36,2023-03-17 16:20:36
Rain,Light,2023-03-17 18:16:36,2023-03-17 22:20:36
Rain,Light,2023-03-19 11:20:36,2023-03-19 13:15:36
Rain,Moderate,2023-03-19 13:15:36,2023-03-19 13:46:36
Rain,Light,2023-03-19 13:46:36,2023-03-19 15:20:36
Rain,Moderate,2023-03-19 15:20:36,2023-03-19 16:20:36
Fog,Severe,2023-03-20 03:22:36,2023-03-20 08:57:36
Rain,Light,2023-03-20 12:51:36,2023-03-20 15:17:36
Rain,Moderate,2023-03-20 15:17:36,2023-03-20 15:27:36
Rain,Light,2023-03-20 15:27:36,2023-03-20 15:35:36
Fog,Severe,2023-03-20 15:35:36,2023-03-20 16:11:36
Fog,Severe,2023-03-20 16:39:36,2023-03-20 16:58:36
Fog,Severe,2023-03-20 17:10:36,2023-03-20 17:20:36
Rain,Light,2023-03-21 02:49:36,2023-03-21 03:08:36
Fog,Severe,2023-03-21 05:57:36,2023-03-21 06:06:36
Snow,Light,2023-03-23 14:45:36,2023-03-23 21:20:36
Snow,Moderate,2023-03-23 21:20:36,2023-03-23 22:20:36
Snow,Light,2023-03-23 22:20:36,2023-03-24 02:20:36
Snow,Moderate,2023-03-24 02:20:36,2023-03-24 02:42:36
Snow,Light,2023-03-24 02:42:36,2023-03-24 03:18:36
Fog,Severe,2023-03-24 03:18:36,2023-03-24 03:27:36
Snow,Light,2023-03-24 03:27:36,2023-03-24 04:17:36
Fog,Moderate,2023-03-24 15:17:36,2023-03-24 15:40:36
Fog,Severe,2023-03-25 06:32:36,2023-03-25 06:44:36
Fog,Moderate,2023-03-27 11:20:36,2023-03-27 11:53:36
Rain,Light,2023-03-27 13:20:36,2023-03-27 13:49:36
Fog,Severe,2023-03-28 00:20:36,2023-03-28 06:20:36
Fog,Severe,2023-03-28 08:38:36,2023-03-28 09:04:36
Fog,Severe,2023-03-28 09:57:36,2023-03-28 10:34:36
Rain,Light,2023-03-28 15:20:36,2023-03-28 18:20:36
Rain,Light,2023-03-28 18:58:36,2023-03-28 19:46:36
Rain,Light,2023-03-28 20:20:36,2023-03-28 21:20:36
Rain,Light,2023-03-28 23:20:36,2023-03-29 00:42:36
Rain,Light,2023-03-29 01:20:36,2023-03-29 02:02:36
Precipitation,UNK,2023-03-29 02:11:36,2023-03-29 02:20:36
Rain,Moderate,2023-03-29 02:20:36,2023-03-29 02:23:36
Rain,Light,2023-03-29 02:23:36,2023-03-29 04:47:36
Rain,Light,2023-03-29 05:20:36,2023-03-29 05:42:36
Rain,Moderate,2023-03-29 05:55:36,2023-03-29 06:40:36
Rain,Light,2023-03-29 07:33:36,2023-03-29 08:01:36
Rain,Light,2023-03-29 14:20:36,2023-03-29 15:20:36
Rain,Light,2023-03-29 16:20:36,2023-03-29 18:20:36
Rain,Light,2023-03-29 22:58:36,2023-03-29 23:20:36
Rain,Light,2023-03-30 09:20:36,2023-03-30 10:20:36
Rain,Light,2023-04-01 07:20:36,2023-04-01 07:36:36
Rain,Light,2023-04-01 09:43:36,2023-04-01 10:20:36
Rain,Light,2023-04-04 01:20:36,2023-04-04 04:20:36
Rain,Light,2023-04-05 01:20:36,2023-04-05 02:20:36
Rain,Light,2023-04-05 04:12:36,2023-04-05 05:51:36
Rain,Light,2023-04-05 06:20:36,2023-04-05 07:20:36
Rain,Light,2023-04-07 17:20:36,2023-04-07 18:20:36
Rain,Light,2023-04-08 01:20:36,2023-04-08 02:20:36
Rain,Moderate,2023-04-08 20:07:36,2023-04-08 20:38:36
Rain,Light,2023-04-08 21:08:36,2023-04-08 21:31:36
Rain,Light,2023-04-08 22:20:36,2023-04-08 22:45:36
Fog,Severe,2023-04-09 07:46:36,2023-04-09 08:20:36
Rain,Light,2023-04-09 16:20:36,2023-04-09 16:45:36
Rain,Moderate,2023-04-09 16:53:36,2023-04-09 17:20:36
Rain,Moderate,2023-04-09 18:20:36,2023-04-09 19:20:36
Rain,Light,2023-04-09 19:20:36,2023-04-09 20:20:36
Snow,Light,2023-04-10 16:20:36,2023-04-10 17:20:36
Rain,Light,2023-04-12 17:20:36,2023-04-12 18:20:36
Rain,Light,2023-04-12 20:20:36,2023-04-12 23:20:36
Rain,Light,2023-04-13 15:20:36,2023-04-13 16:20:36
Rain,Light,2023-04-13 19:20:36,2023-04-13 20:20:36
Rain,Light,2023-04-13 21:20:36,2023-04-14 05:20:36
Snow,Light,2023-04-15 11:20:36,2023-04-15 13:20:36
Snow,Light,2023-04-16 03:20:36,2023-04-16 10:20:36
Snow,Light,2023-04-18 01:20:36,2023-04-18 03:20:36
Snow,Moderate,2023-04-18 03:20:36,2023-04-18 04:20:36
Snow,Heavy,2023-04-18 04:20:36,2023-04-18 05:20:36
Snow,Moderate,2023-04-18 05:20:36,2023-04-18 05:31:36
Snow,Light,2023-04-18 05:31:36,2023-04-18 06:20:36
Snow,Moderate,2023-04-18 06:20:36,2023-04-18 07:12:36
Snow,Light,2023-04-18 07:12:36,2023-04-18 12:20:36
Rain,Light,2023-04-21 20:20:36,2023-04-21 21:20:36
Rain,Light,2023-04-21 22:20:36,2023-04-21 23:20:36
Rain,Light,2023-04-23 08:20:36,2023-04-23 10:20:36
Rain,Light,2023-04-23 14:20:36,2023-04-23 16:20:36
Rain,Light,2023-04-23 18:20:36,2023-04-23 20:20:36
Fog,Moderate,2023-04-24 13:20:36,2023-04-24 14:15:36
Fog,Moderate,2023-04-24 17:20:36,2023-04-24 18:20:36
Fog,Severe,2023-04-25 03:13:36,2023-04-25 08:15:36
Fog,Moderate,2023-04-25 20:20:36,2023-04-25 22:20:36
Rain,Light,2023-04-26 04:20:36,2023-04-26 06:20:36
Rain,Moderate,2023-04-26 06:20:36,2023-04-26 06:50:36
Rain,Light,2023-04-26 06:50:36,2023-04-26 07:20:36
Rain,Moderate,2023-04-26 07:20:36,2023-04-26 08:04:36
Rain,Light,2023-04-26 08:04:36,2023-04-26 08:17:36
Rain,Light,2023-04-26 10:20:36,2023-04-26 12:04:36
Rain,Light,2023-04-26 13:20:36,2023-04-26 22:20:36
Rain,Light,2023-04-28 15:20:36,2023-04-28 16:20:36
Rain,Light,2023-04-28 17:20:36,2023-04-28 18:20:36
Rain,Light,2023-04-28 20:20:36,2023-04-28 21:20:36
Rain,Moderate,2023-04-28 21:20:36,2023-04-28 21:37:36
Rain,Moderate,2023-04-28 22:00:36,2023-04-28 22:13:36
Rain,Heavy,2023-04-28 22:13:36,2023-04-28 23:20:36
Rain,Light,2023-04-29 17:09:36,2023-04-29 17:26:36
Precipitation,UNK,2023-04-29 17:39:36,2023-04-29 18:20:36
Rain,Heavy,2023-04-29 18:20:36,2023-04-29 19:20:36
Rain,Light,2023-04-29 19:20:36,2023-04-29 21:20:36
Rain,Light,2023-04-29 22:20:36,2023-04-30 00:20:36
Rain,Light,2023-04-30 00:30:36,2023-04-30 00:47:36
Rain,Light,2023-04-30 02:20:36,2023-04-30 05:02:36
Rain,Moderate,2023-04-30 05:02:36,2023-04-30 07:53:36
Rain,Light,2023-04-30 07:53:36,2023-04-30 08:20:36
Rain,Moderate,2023-04-30 08:20:36,2023-04-30 09:52:36
Rain,Light,2023-04-30 09:52:36,2023-04-30 15:20:36
Rain,Moderate,2023-04-30 15:20:36,2023-04-30 16:23:36
Rain,Light,2023-04-30 16:23:36,2023-04-30 17:20:36
Rain,Moderate,2023-04-30 17:20:36,2023-04-30 18:20:36
Rain,Light,2023-04-30 18:20:36,2023-04-30 18:51:36
Rain,Light,2023-04-30 19:20:36,2023-05-01 07:20:36
Rain,Light,2023-05-01 09:20:36,2023-05-01 10:20:36
Rain,Light,2023-05-06 02:20:36,2023-05-06 16:20:36
Rain,Light,2023-05-11 08:37:36,2023-05-11 09:12:36
Rain,Moderate,2023-05-11 09:12:36,2023-05-11 09:44:36
Rain,Light,2023-05-11 11:20:36,2023-05-11 12:20:36
Rain,Light,2023-05-11 12:43:36,2023-05-11 13:20:36
Rain,Light,2023-05-11 13:45:36,2023-05-11 13:55:36
Rain,Moderate,2023-05-11 14:20:36,2023-05-11 14:31:36
Rain,Light,2023-05-11 14:31:36,2023-05-11 20:20:36
Rain,Light,2023-05-15 00:20:36,2023-05-15 01:20:36
Rain,Light,2023-05-15 06:20:36,2023-05-15 06:49:36
Precipitation,UNK,2023-05-15 07:01:36,2023-05-15 08:10:36
Rain,Light,2023-05-15 08:10:36,2023-05-15 08:20:36
Rain,Moderate,2023-05-15 08:20:36,2023-05-15 08:50:36
Rain,Light,2023-05-15 08:50:36,2023-05-15 09:17:36
Rain,Moderate,2023-05-15 09:17:36,2023-05-15 09:42:36
Rain,Light,2023-05-15 10:01:36,2023-05-15 10:20:36
Rain,Moderate,2023-05-15 10:20:36,2023-05-15 10:35:36
Rain,Light,2023-05-15 10:35:36,2023-05-15 11:20:36
Rain,Light,2023-05-15 12:06:36,2023-05-15 13:04:36
Precipitation,UNK,2023-05-15 22:20:36,2023-05-15 22:40:36
Rain,Moderate,2023-05-15 22:40:36,2023-05-15 23:20:36
Precipitation,UNK,2023-05-15 23:20:36,2023-05-15 23:29:36
Rain,Light,2023-05-15 23:55:36,2023-05-16 01:20:36
Rain,Moderate,2023-05-16 01:20:36,2023-05-16 01:38:36
Rain,Light,2023-05-16 01:38:36,2023-05-16 06:20:36
Rain,Light,2023-05-16 08:44:36,2023-05-16 09:20:36
Rain,Moderate,2023-05-17 23:20:36,2023-05-17 23:26:36
Rain,Light,2023-05-17 23:26:36,2023-05-17 23:35:36
Rain,Moderate,2023-05-17 23:35:36,2023-05-17 23:47:36
Rain,Heavy,2023-05-17 23:47:36,2023-05-18 00:28:36
Rain,Light,2023-05-18 00:28:36,2023-05-18 00:43:36
Rain,Moderate,2023-05-18 00:43:36,2023-05-18 01:34:36
Rain,Light,2023-05-18 01:34:36,2023-05-18 05:20:36
Rain,Moderate,2023-05-18 05:20:36,2023-05-18 05:34:36
Rain,Light,2023-05-18 05:34:36,2023-05-18 07:18:36
Rain,Moderate,2023-05-18 07:18:36,2023-05-18 08:27:36
Rain,Light,2023-05-18 08:27:36,2023-05-18 09:07:36
Rain,Moderate,2023-05-18 09:07:36,2023-05-18 09:50:36
Rain,Light,2023-05-18 10:12:36,2023-05-18 12:20:36
Rain,Light,2023-05-18 13:09:36,2023-05-18 13:20:36
Rain,Moderate,2023-05-18 13:20:36,2023-05-18 14:20:36
Rain,Heavy,2023-05-18 14:20:36,2023-05-18 14:29:36
Rain,Light,2023-05-18 14:52:36,2023-05-18 15:00:36
Rain,Moderate,2023-05-18 15:00:36,2023-05-18 15:53:36
Precipitation,UNK,2023-05-18 15:53:36,2023-05-18 16:20:36
Rain,Heavy,2023-05-18 16:20:36,2023-05-18 16:36:36
Rain,Light,2023-05-18 16:36:36,2023-05-18 18:20:36
Rain,Moderate,2023-05-18 18:20:36,2023-05-18 18:40:36
Rain,Heavy,2023-05-18 18:40:36,2023-05-18 19:54:36
Rain,Light,2023-05-18 19:54:36,2023-05-18 20:20:36
Rain,Light,2023-05-18 22:44:36,2023-05-18 23:20:36
Rain,Moderate,2023-05-18 23:20:36,2023-05-19 00:20:36
Rain,Light,2023-05-19 00:20:36,2023-05-19 00:35:36
Fog,Severe,2023-05-19 19:00:36,2023-05-19 19:55:36
Fog,Severe,2023-05-19 23:12:36,2023-05-20 01:20:36
Rain,Light,2023-05-20 01:20:36,2023-05-20 08:11:36
Fog,Severe,2023-05-20 08:11:36,2023-05-20 09:45:36
Rain,Light,2023-05-20 17:20:36,2023-05-20 17:46:36
Rain,Light,2023-05-22 18:50:36,2023-05-22 22:20:36
Rain,Light,2023-05-23 00:57:36,2023-05-23 01:20:36
Rain,Light,2023-05-23 02:20:36,2023-05-23 04:10:36
Fog,Severe,2023-05-23 05:20:36,2023-05-23 05:42:36
Rain,Light,2023-05-24 15:20:36,2023-05-24 15:37:36
Rain,Moderate,2023-05-24 15:46:36,2023-05-24 16:07:36
Precipitation,UNK,2023-05-24 16:07:36,2023-05-24 17:20:36
Rain,Light,2023-05-29 10:16:36,2023-05-29 10:59:36
Rain,Light,2023-05-29 19:39:36,2023-05-29 21:20:36
Rain,Light,2023-05-29 23:59:36,2023-05-30 00:18:36
Rain,Moderate,2023-05-30 00:18:36,2023-05-30 00:24:36
Rain,Light,2023-05-30 00:24:36,2023-05-30 00:47:36
Rain,Light,2023-05-30 02:20:36,2023-05-30 03:20:36
Rain,Light,2023-06-02 12:20:36,2023-06-02 14:20:36
Rain,Light,2023-06-04 07:20:36,2023-06-04 08:20:36
Rain,Light,2023-06-10 16:20:36,2023-06-10 16:36:36
Rain,Light,2023-06-10 17:15:36,2023-06-10 17:28:36
Rain,Light,2023-06-10 18:20:36,2023-06-10 19:20:36
Rain,Light,2023-06-11 04:08:36,2023-06-11 04:20:36
Rain,Light,2023-06-11 08:35:36,2023-06-11 09:20:36
Rain,Light,2023-06-11 18:08:36,2023-06-11 21:20:36
Rain,Light,2023-06-14 01:45:36,2023-06-14 02:20:36
Rain,Moderate,2023-06-21 20:20:36,2023-06-21 21:20:36
Rain,Light,2023-06-21 21:20:36,2023-06-21 23:20:36
Rain,Light,2023-06-22 00:20:36,2023-06-22 01:20:36
Rain,Light,2023-06-23 12:58:36,2023-06-23 13:20:36
Rain,Light,2023-06-23 15:59:36,2023-06-23 16:20:36
Rain,Light,2023-06-23 18:16:36,2023-06-23 18:53:36
Rain,Moderate,2023-06-23 18:53:36,2023-06-23 19:34:36
Rain,Moderate,2023-06-23 19:54:36,2023-06-23 21:20:36
Rain,Light,2023-06-27 07:20:36,2023-06-27 08:20:36
Rain,Light,2023-06-27 10:20:36,2023-06-27 12:20:36
Rain,Moderate,2023-06-27 12:20:36,2023-06-27 13:20:36
Rain,Light,2023-06-27 16:20:36,2023-06-27 18:20:36
Rain,Light,2023-06-27 19:01:36,2023-06-27 19:05:36
Precipitation,UNK,2023-06-27 19:20:36,2023-06-27 19:34:36
Rain,Heavy,2023-06-27 19:34:36,2023-06-27 20:35:36
Rain,Light,2023-06-27 20:35:36,2023-06-27 21:00:36
Rain,Light,2023-06-29 12:20:36,2023-06-29 13:20:36
Rain,Light,2023-06-30 16:20:36,2023-06-30 17:20:36
Rain,Moderate,2023-06-30 18:32:36,2023-06-30 18:40:36
Precipitation,UNK,2023-06-30 18:40:36,2023-06-30 18:56:36
Rain,Moderate,2023-06-30 18:56:36,2023-06-30 19:20:36
Precipitation,UNK,2023-06-30 19:20:36,2023-06-30 19:29:36
Rain,Light,2023-07-08 20:42:36,2023-07-08 22:06:36
Rain,Light,2023-07-08 23:20:36,2023-07-09 00:20:36
Precipitation,UNK,2023-07-10 23:13:36,2023-07-10 23:32:36
Rain,Light,2023-07-10 23:32:36,2023-07-11 01:20:36
Rain,Light,2023-07-11 05:20:36,2023-07-11 06:01:36
Rain,Moderate,2023-07-11 06:01:36,2023-07-11 06:20:36
Rain,Light,2023-07-11 06:57:36,2023-07-11 08:20:36
Rain,Light,2023-07-12 12:20:36,2023-07-12 13:20:36
Rain,Light,2023-07-13 00:20:36,2023-07-13 01:20:36
Rain,Light,2023-07-16 15:20:36,2023-07-16 19:20:36
Rain,Moderate,2023-07-16 19:20:36,2023-07-16 20:20:36
Rain,Heavy,2023-07-16 20:20:36,2023-07-16 20:25:36
Rain,Moderate,2023-07-16 20:25:36,2023-07-16 22:20:36
Rain,Light,2023-07-16 22:20:36,2023-07-17 02:20:36
Rain,Light,2023-07-17 05:20:36,2023-07-17 06:42:36
Rain,Light,2023-07-20 04:58:36,2023-07-20 06:20:36
Rain,Light,2023-07-20 08:38:36,2023-07-20 09:17:36
Rain,Light,2023-07-20 09:20:36,2023-07-20 10:01:36
Precipitation,UNK,2023-07-20 11:05:36,2023-07-20 11:32:36
Rain,Light,2023-07-20 11:32:36,2023-07-20 12:20:36
Rain,Light,2023-07-22 12:20:36,2023-07-22 14:20:36
Rain,Light,2023-07-22 18:20:36,2023-07-22 21:20:36
Rain,Light,2023-07-27 20:53:36,2023-07-27 22:20:36
Rain,Light,2023-07-28 07:09:36,2023-07-28 07:36:36
Rain,Moderate,2023-07-28 07:36:36,2023-07-28 08:20:36
Rain,Light,2023-07-30 04:20:36,2023-07-30 05:20:36
Rain,Light,2023-07-30 20:20:36,2023-07-30 21:20:36
Rain,Light,2023-08-02 16:20:36,2023-08-02 19:20:36
Rain,Light,2023-08-02 20:20:36,2023-08-03 02:20:36
Rain,Light,2023-08-03 16:20:36,2023-08-03 17:00:36
Rain,Light,2023-08-03 17:46:36,2023-08-03 19:20:36
Rain,Light,2023-08-11 00:20:36,2023-08-11 00:40:36
Rain,Light,2023-08-11 15:14:36,2023-08-11 15:20:36
Storm,Severe,2023-08-11 15:20:36,2023-08-11 15:24:36
Rain,Light,2023-08-11 15:24:36,2023-08-11 15:32:36
Precipitation,UNK,2023-08-11 15:37:36,2023-08-11 16:20:36
Rain,Moderate,2023-08-11 16:20:36,2023-08-11 17:08:36
Rain,Light,2023-08-11 17:08:36,2023-08-11 17:20:36
Rain,Light,2023-08-16 17:20:36,2023-08-16 18:20:36
Rain,Light,2023-08-24 18:20:36,2023-08-24 19:09:36
Rain,Light,2023-09-01 23:51:36,2023-09-02 00:02:36
Rain,Moderate,2023-09-02 00:02:36,2023-09-02 00:18:36
Rain,Light,2023-09-02 04:20:36,2023-09-02 05:20:36
Rain,Moderate,2023-09-02 13:20:36,2023-09-02 14:20:36
Rain,Light,2023-09-02 14:20:36,2023-09-02 15:05:36
Rain,Light,2023-09-02 15:20:36,2023-09-02 17:49:36
Rain,Light,2023-09-02 18:20:36,2023-09-02 19:20:36
Rain,Light,2023-09-03 03:51:36,2023-09-03 04:20:36
Rain,Light,2023-09-07 05:20:36,2023-09-07 06:59:36
Rain,Moderate,2023-09-07 06:59:36,2023-09-07 09:20:36
Rain,Light,2023-09-07 09:20:36,2023-09-07 09:54:36
Rain,Light,2023-09-09 00:14:36,2023-09-09 00:20:36
Rain,Moderate,2023-09-09 01:03:36,2023-09-09 01:48:36
Rain,Light,2023-09-09 01:48:36,2023-09-09 06:10:36
Rain,Light,2023-09-09 06:36:36,2023-09-09 07:20:36
Rain,Moderate,2023-09-09 07:20:36,2023-09-09 07:47:36
Rain,Light,2023-09-09 07:47:36,2023-09-09 10:20:36
Rain,Light,2023-09-09 12:20:36,2023-09-09 13:20:36
Rain,Light,2023-09-09 13:34:36,2023-09-09 14:20:36
Rain,Light,2023-09-09 17:20:36,2023-09-09 21:20:36
Rain,Light,2023-09-09 22:20:36,2023-09-09 23:20:36
Rain,Light,2023-09-10 00:20:36,2023-09-10 00:35:36
Rain,Light,2023-09-10 01:20:36,2023-09-10 01:53:36
Precipitation,UNK,2023-09-10 01:53:36,2023-09-10 02:20:36
Rain,Heavy,2023-09-10 02:20:36,2023-09-10 02:45:36
Rain,Light,2023-09-10 02:45:36,2023-09-10 04:20:36
Rain,Light,2023-09-10 19:20:36,2023-09-10 20:20:36
Fog,Moderate,2023-09-10 20:20:36,2023-09-10 20:59:36
Rain,Light,2023-09-11 16:20:36,2023-09-11 21:20:36
Rain,Light,2023-09-11 22:00:36,2023-09-11 23:20:36
Rain,Light,2023-09-12 07:18:36,2023-09-12 10:20:36
Rain,Light,2023-09-13 00:20:36,2023-09-13 01:20:36
Rain,Light,2023-09-13 08:16:36,2023-09-13 09:00:36
Rain,Moderate,2023-09-13 09:00:36,2023-09-13 10:20:36
Rain,Light,2023-09-13 10:20:36,2023-09-13 12:20:36
Rain,Light,2023-09-13 14:20:36,2023-09-13 16:20:36
Rain,Light,2023-09-28 21:20:36,2023-09-28 22:20:36
Rain,Light,2023-09-28 23:20:36,2023-09-29 01:20:36
Rain,Moderate,2023-09-29 01:20:36,2023-09-29 02:20:36
Rain,Light,2023-09-29 02:20:36,2023-09-29 05:20:36
Rain,Light,2023-09-29 14:20:36,2023-09-29 15:20:36
Rain,Light,2023-09-29 16:20:36,2023-09-29 17:20:36
Rain,Light,2023-10-02 14:20:36,2023-10-02 15:20:36
Rain,Moderate,2023-10-02 17:20:36,2023-10-02 18:20:36
Rain,Light,2023-10-04 15:20:36,2023-10-05 05:20:36
Rain,Light,2023-10-13 11:14:36,2023-10-13 13:42:36
Rain,Light,2023-10-13 13:49:36,2023-10-13 13:55:36
Rain,Moderate,2023-10-13 13:55:36,2023-10-13 14:38:36
Rain,Light,2023-10-15 21:20:36,2023-10-15 22:20:36
Rain,Light,2023-10-16 00:20:36,2023-10-16 01:20:36
Rain,Light,2023-10-18 16:20:36,2023-10-18 17:20:36
Rain,Light,2023-10-19 09:59:36,2023-10-19 11:20:36
Rain,Light,2023-10-19 12:20:36,2023-10-19 14:20:36
Rain,Light,2023-10-19 14:53:36,2023-10-19 17:20:36
Rain,Light,2023-10-20 15:20:36,2023-10-20 17:20:36
Rain,Light,2023-10-20 19:20:36,2023-10-20 20:17:36
Rain,Light,2023-10-20 21:06:36,2023-10-20 22:20:36
Rain,Light,2023-10-21 09:20:36,2023-10-21 10:20:36
Rain,Light,2023-10-21 17:55:36,2023-10-21 20:07:36
Rain,Light,2023-10-21 20:20:36,2023-10-21 23:20:36
Fog,Severe,2023-10-21 23:20:36,2023-10-22 00:20:36
Rain,Light,2023-10-22 00:20:36,2023-10-22 01:20:36
Rain,Light,2023-10-22 18:20:36,2023-10-22 22:59:36
Rain,Light,2023-10-22 23:20:36,2023-10-23 00:06:36
Precipitation,UNK,2023-10-23 00:20:36,2023-10-23 02:37:36
Rain,Moderate,2023-10-23 02:59:36,2023-10-23 03:13:36
Precipitation,UNK,2023-10-23 03:13:36,2023-10-23 03:20:36
Rain,Heavy,2023-10-23 03:20:36,2023-10-23 03:34:36
Rain,Light,2023-10-23 03:34:36,2023-10-23 04:01:36
Rain,Moderate,2023-10-23 04:01:36,2023-10-23 04:36:36
Rain,Light,2023-10-23 04:36:36,2023-10-23 07:20:36
Fog,Severe,2023-10-23 08:32:36,2023-10-23 11:33:36
Rain,Light,2023-10-24 07:57:36,2023-10-24 08:14:36
Rain,Light,2023-10-24 08:36:36,2023-10-24 10:20:36
Rain,Moderate,2023-10-24 10:20:36,2023-10-24 11:20:36
Rain,Light,2023-10-24 11:20:36,2023-10-24 14:50:36
Rain,Light,2023-10-26 23:28:36,2023-10-27 02:20:36
Rain,Light,2023-10-27 03:50:36,2023-10-27 04:42:36
Snow,Light,2023-10-27 04:42:36,2023-10-27 05:20:36
Snow,Light,2023-10-27 09:39:36,2023-10-27 11:54:36
Rain,Light,2023-10-28 01:20:36,2023-10-28 02:20:36
Snow,Light,2023-10-28 05:20:36,2023-10-28 06:20:36
Snow,Light,2023-10-28 07:12:36,2023-10-28 09:11:36
Snow,Moderate,2023-10-28 09:11:36,2023-10-28 09:41:36
Snow,Light,2023-10-28 09:41:36,2023-10-28 11:47:36
Rain,Light,2023-10-28 11:47:36,2023-10-28 13:20:36
Rain,Light,2023-11-11 14:20:36,2023-11-11 15:20:36
Storm,Severe,2023-11-11 17:12:36,2023-11-11 17:17:36
Precipitation,UNK,2023-11-11 17:17:36,2023-11-11 17:27:36
Precipitation,UNK,2023-11-11 17:54:36,2023-11-11 18:20:36
Rain,Heavy,2023-11-11 18:20:36,2023-11-11 19:20:36
Rain,Light,2023-11-11 19:20:36,2023-11-11 20:18:36
Rain,Light,2023-11-11 20:39:36,2023-11-11 21:20:36
Rain,Light,2023-11-13 21:20:36,2023-11-13 23:20:36
Rain,Light,2023-11-14 00:20:36,2023-11-14 01:20:36
Rain,Light,2023-11-15 18:04:36,2023-11-15 19:20:36
Rain,Moderate,2023-11-15 19:20:36,2023-11-15 19:53:36
Rain,Light,2023-11-15 19:53:36,2023-11-16 00:54:36
Storm,Severe,2023-11-16 05:20:36,2023-11-16 05:35:36
Rain,Light,2023-11-16 06:09:36,2023-11-16 06:32:36
Rain,Light,2023-11-16 07:34:36,2023-11-16 09:20:36
Snow,Light,2023-11-16 15:20:36,2023-11-16 16:20:36
Rain,Light,2023-11-23 04:20:36,2023-11-23 04:53:36
Rain,Light,2023-11-23 05:20:36,2023-11-23 06:20:36
Rain,Light,2023-11-23 07:20:36,2023-11-23 08:20:36
Rain,Light,2023-11-23 10:20:36,2023-11-23 11:20:36
Snow,Moderate,2023-11-25 05:03:36,2023-11-25 05:20:36
Snow,Heavy,2023-11-25 05:20:36,2023-11-25 05:39:36
Snow,Moderate,2023-11-25 05:39:36,2023-11-25 06:20:36
Snow,Heavy,2023-11-25 06:20:36,2023-11-25 06:50:36
Snow,Light,2023-11-25 06:50:36,2023-11-25 07:20:36
Rain,Light,2023-11-25 08:20:36,2023-11-25 17:20:36
Rain,Light,2023-11-25 18:20:36,2023-11-25 23:20:36
Rain,Light,2023-11-26 00:01:36,2023-11-26 00:20:36
Rain,Light,2023-11-26 01:20:36,2023-11-26 05:20:36
Fog,Severe,2023-11-26 06:05:36,2023-11-26 07:40:36
Rain,Light,2023-11-26 08:20:36,2023-11-26 11:14:36
Rain,Moderate,2023-11-26 11:14:36,2023-11-26 11:35:36
Rain,Light,2023-11-26 11:35:36,2023-11-26 14:20:36
Fog,Severe,2023-11-26 14:52:36,2023-11-26 15:40:36
Rain,Light,2023-11-26 15:40:36,2023-11-26 22:20:36
Fog,Moderate,2023-11-27 08:20:36,2023-11-27 08:54:36
Fog,Severe,2023-11-28 06:47:36,2023-11-28 09:20:36
Snow,Light,2023-12-01 03:20:36,2023-12-01 07:20:36
Snow,Light,2023-12-01 08:20:36,2023-12-01 12:20:36
Snow,Light,2023-12-01 16:20:36,2023-12-01 17:20:36
Snow,Light,2023-12-01 19:48:36,2023-12-01 20:20:36
Snow,Light,2023-12-07 05:20:36,2023-12-07 05:47:36
Snow,Light,2023-12-07 06:56:36,2023-12-07 07:20:36
Snow,Light,2023-12-07 07:42:36,2023-12-07 08:20:36
Snow,Light,2023-12-07 14:20:36,2023-12-07 16:20:36
Rain,Light,2023-12-07 16:20:36,2023-12-07 17:20:36
Fog,Moderate,2023-12-09 18:20:36,2023-12-09 22:20:36
Fog,Moderate,2023-12-12 07:20:36,2023-12-12 08:01:36
Fog,Severe,2023-12-12 08:01:36,2023-12-12 08:47:36
Fog,Moderate,2023-12-12 08:47:36,2023-12-12 11:20:36
Rain,Light,2023-12-12 14:20:36,2023-12-12 20:09:36
Rain,Moderate,2023-12-12 20:09:36,2023-12-13 01:20:36
Rain,Light,2023-12-13 01:20:36,2023-12-13 02:20:36
Rain,Moderate,2023-12-13 02:20:36,2023-12-13 03:20:36
Rain,Light,2023-12-13 03:20:36,2023-12-13 07:20:36
Rain,Moderate,2023-12-13 07:20:36,2023-12-13 08:20:36
Rain,Light,2023-12-13 08:20:36,2023-12-13 10:20:36
Rain,Light,2023-12-13 12:20:36,2023-12-13 13:06:36
Rain,Light,2023-12-13 14:02:36,2023-12-13 17:00:36
Snow,Light,2023-12-13 21:20:36,2023-12-14 00:20:36
Snow,Light,2023-12-17 08:20:36,2023-12-17 12:20:36
Snow,Light,2023-12-17 14:20:36,2023-12-17 21:20:36
Snow,Light,2023-12-17 22:20:36,2023-12-17 23:20:36
Snow,Light,2023-12-18 02:20:36,2023-12-18 07:20:36
Snow,Light,2023-12-18 08:20:36,2023-12-18 13:20:36
Snow,Light,2023-12-22 05:20:36,2023-12-22 06:20:36
Rain,Light,2023-12-24 16:20:36,2023-12-24 19:20:36
Snow,Light,2023-12-24 23:20:36,2023-12-25 07:20:36
Snow,Light,2023-12-25 11:20:36,2023-12-25 23:20:36
Snow,Light,2023-12-26 03:20:36,2023-12-26 04:20:36
Rain,Light,2023-12-28 19:20:36,2023-12-28 20:20:36
Snow,Light,2023-12-30 15:20:36,2023-12-30 17:20:36
Snow,Moderate,2023-12-30 17:20:36,2023-12-30 18:31:36
Snow,Light,2023-12-30 18:31:36,2023-12-30 19:20:36
Snow,Light,2023-12-30 20:20:36,2023-12-30 20:34:36
Rain,Light,2023-12-30 22:20:36,2023-12-30 23:20:36
Rain,Light,2023-12-31 02:11:36,2023-12-31 05:20:36
Rain,Light,2023-12-31 07:20:36,2023-12-31 07:51:36
